Item Name,SKU,Category,Color,Size,Weight
Linen Mallow Cushion Cover,SKU-00011,Cushion Cover,-,"12""x20"" / 30x50 cm",0.09
Linen Slumber Solid Basket,SKU-00012,Basket,Sunset Orange,30 x 30cm,0.4
Linen Jacobean Tablecloth,SKU-00013,Tablecloth,,"100""x55"" / 250x140 cm",0.73
Linen Rio Tablecloth,SKU-00014,Tablecloth,Green,"118""x60"" / 300x152 cm",0.94
Linen Black Needled Duvet Cover,SKU-00015,Duvet Cover (IND),Aqua Blue,"102""X 94"" / 260 X 240 cm KING / Standard pillowcases: 69""X43"" / 27 x 17 cm",2.41
Linen Slumber Solid Cushion Cover,SKU-00016,Cushion Cover,Sandy Beige,"24""x24"" / 60x60 cm",0.15
Linen Tendril Table Runner,SKU-00017,Table Runner,Lime Yellow,"16""x80"" / 40x200 cm",0.17
Linen Natural Needled Napkin Set,SKU-00018,Napkin Set,Angora White,"Set of 2 - 14""x14""/ 35 cm x 35 cm",0.06
Linen Slumber Solid Duvet Cover,SKU-00019,Duvet Cover,Ivory Bloom,"US KING: 102"" x 90"" / 259 x 229 cm / Without Pillowcases",2.03
Linen Camellia Tablecloth,SKU-00020,Tablecloth,Pink,"108""x55"" / 274x140 cm",0.8
Linen Verge Quilt,SKU-00021,Quilt,Lime Yellow,"US TWIN: 66"" x 86"" / 167 x 219 cm",1.28
Linen Slumber Solid Duvet Cover,SKU-00022,Duvet Cover,Retro Green,"US TWIN: 66"" x 86"" / 167 x 219 cm / Without Pillowcases",1.28
Linen Slumber Solid Tote Bag,SKU-00023,Tote Bag,Sunset Orange,"16""x14""",
Linen Fringe Me Kantha Tablecloth,SKU-00024,Tablecloth,Oatmeal,"39""x39"" / 100x100 cm",0.19
Linen Heritage Table Runner,SKU-00025,Table Runner,Peach,"16""x100"" / 40x250 cm",0.24
Linen Althea Curtain,SKU-00026,Curtain,Green,"53""x64""/ 135x163cm",0.47
Linen Clara Curtain,SKU-00027,Curtain,Blue,"53""x64""/ 135x163cm",0.48
Linen Ebon Quilt,SKU-00028,Quilt,Retro Green,"US QUEEN: 90"" x 88"" / 229 x 224 cm",1.77
Linen Slumber Solid Kitchen Towel,SKU-00029,Kitchen Towel,Cinnamon Brown,45 x 70 cm,0.07
Linen Floret Cushion Cover,SKU-00030,Cushion Cover,Vanilla Sky,"16""x16"" / 40x40 cm",0.08
Linen Ardent Duvet Cover,SKU-00031,Duvet Cover,-,"US KING: 102""X90"" / 259 x 229 cm / Standard pillowcases: 26""X20"" / 51 x 66 cm",2.77
Linen Slumber Solid Duvet Cover,SKU-00032,Duvet Cover,Aqua Blue,"US CA KING: 104""X94"" / 264 x 239 cm / Jumbo pillowcases: 20"" x 28"" / 51 x 71 cm",2.47
Linen Yellow Lace Tablecloth,SKU-00033,Tablecloth,Angora White,"142""x55"" / 360x140 cm",0.88
Linen Black Needled Duvet Cover,SKU-00034,Duvet Cover,Bottle Green,"US QUEEN: 90""X88"" / 229 x 224 cm / Queen pillowcases: 20 x 30"" / 51 x 76 cm",2.1
Linen Natural Lace Tablecloth,SKU-00035,Tablecloth,Ivory Bloom,"55""x55"" / 140x140 cm",0.36
Linen Slumber Solid Placemat Set,SKU-00036,Placemat Set,Sandy Beige,"Set of 2 - 14""x18"" / 35 x 45 cm",0.08
Linen Slumber Solid Fitted Sheet,SKU-00037,Fitted Sheet,Cinnamon Brown,Twin XL,0.67
Linen Athena Cushion Cover,SKU-00038,Cushion Cover,Pink,"12""x20"" / 30x50 cm",0.09
Linen Slumber Solid Table Runner,SKU-00039,Table Runner,Vanilla Sky,"16""x100"" / 40x250 cm",0.21
Linen Tendril Tablecloth,SKU-00040,Tablecloth,Angora White,"108""x55"" / 274x140 cm",0.67
Linen Natural Lace Tablecloth,SKU-00041,Tablecloth,Retro Green,"108""x60"" / 274x152 cm",0.73
Linen Orange Needled Napkin Set,SKU-00042,Napkin Set,Retro Green,"Set of 2 - 14""x14""/ 35 cm x 35 cm",0.06
Linen Tendril Duvet Cover,SKU-00043,Duvet Cover,Sunset Orange,"US QUEEN: 90""X88"" / 229 x 224 cm / King pillowcases: 20 x 36"" / 51 x 91 cm",2.16
Linen Slumber Solid Duvet Cover,SKU-00044,Duvet Cover (IND),Angora White,"94""X 86"" / 240 X 220 cm QUEEN",1.82
Linen Segue Cushion Cover,SKU-00045,Cushion Cover,Terracotta,"16""x16"" / 40x40 cm",0.1
Linen Slumber Solid Fitted Sheet,SKU-00046,Fitted Sheet (IND),Bottle Green,75” x 48” x 10” / 190 x 121 x 25 cm DOUBLE,0.71
Linen Slumber Solid Fitted Sheet,SKU-00047,Fitted Sheet,Sunset Orange,Queen Deep,1.21
Linen Grey Needled Duvet Cover,SKU-00048,Duvet Cover,Dusty Gold,"US QUEEN: 90""X88"" / 229 x 224 cm / Standard pillowcases: 26""X20"" / 51 x 66 cm",2.06
Linen Fringe Me Kantha Duvet Cover,SKU-00049,Duvet Cover,Bottle Green,"US KING: 102""X90"" / 259 x 229 cm / Standard pillowcases: 26""X20"" / 51 x 66 cm",2.32
Linen Personalised Cushion Cover,SKU-00050,Cushion Cover,Cinnamon Brown,"18""x18"" / 45x45 cm",0.1
Linen Black Needled Cushion Cover,SKU-00051,Cushion Cover,Retro Green,"16""x24"" / 40x60 cm",0.11
Linen Orange Needled Cushion Cover,SKU-00052,Cushion Cover,Aqua Blue,"12""x20"" / 30x50 cm",0.08
Linen Fringe Me Good Duvet Cover,SKU-00053,Duvet Cover,Sandy Beige,"US KING: 102""X90"" / 259 x 229 cm / Queen pillowcases: 20 x 30"" / 51 x 76 cm",2.36
Linen Lane Tablecloth,SKU-00054,Tablecloth,Red,"79""x55"" / 200x140 cm",0.6
Linen Maris Cushion Cover,SKU-00055,Cushion Cover,Mustard,"24""x24"" / 60x60 cm",0.18
Linen Natural Lace Cushion Cover,SKU-00056,Cushion Cover,Mauve Dust,"20""x28"" / 50x70 cm",0.15
Linen Ebon Quilt,SKU-00057,Quilt (IND),Cinnamon Brown,"79""X 53"" / 200 X 135 cm SINGLE",1.08
Linen Glint Cushion Cover,SKU-00058,Cushion Cover,Sunset Orange,"18""x18"" / 45x45 cm",0.1
Linen Arcade Tablecloth,SKU-00059,Tablecloth,Blue,"55""x39"" / 140x100 cm",0.31
Linen Mabel Duvet Cover,SKU-00060,Duvet Cover,Green,"US QUEEN: 90""X88"" / 229 x 224 cm / Standard pillowcases: 26""X20"" / 51 x 66 cm",2.45
Linen Reed Tablecloth,SKU-00061,Tablecloth,-,"91""x55"" / 231x140 cm",0.68
Linen Denise Tote Bag,SKU-00062,Tote Bag,Blue,53 x 15 x 38 cm,0.22
Linen Natural Needled Duvet Cover,SKU-00063,Duvet Cover,Bottle Green,"US CA KING: 104"" x 94"" / 264 x 239 cm / Without Pillowcases",2.16
Linen Slumber Solid Table Runner,SKU-00064,Table Runner,Ivory Bloom,"16""x100"" / 40x250 cm",0.21
Linen Monotone Quilt,SKU-00065,Quilt (IND),Aqua Blue,"94""X 86"" / 240 X 220 cm QUEEN",1.97
Linen Camellia Napkin Set,SKU-00066,Napkin Set,Green,"Set of 2 - 14""x14""/ 35 cm x 35 cm",0.08
Linen Fringe Me Kantha Tablecloth,SKU-00067,Tablecloth,Vanilla Sky,"55""x55"" / 140x140 cm",0.36
Linen Tendril Duvet Cover,SKU-00068,Duvet Cover,Angora White,"US TWIN: 66"" x 86"" / 167 x 219 cm / Jumbo pillowcases: 20"" x 28"" / 51 x 71 cm",1.59
Linen Fringe Me Kantha Duvet Cover,SKU-00069,Duvet Cover,Vanilla Sky,"US CA KING: 104""X94"" / 264 x 239 cm / Jumbo pillowcases: 20"" x 28"" / 51 x 71 cm",2.47
Linen Slumber Solid Slippers,SKU-00070,Slippers,Cinnamon Brown,S/M,0.08
Linen Dios Tablecloth,SKU-00071,Tablecloth,Purple,"79""x55"" / 200x140 cm",0.59
Linen Ebon Quilt,SKU-00072,Quilt (IND),Retro Green,"94""X 86"" / 240 X 220 cm QUEEN",1.97
Linen Quilted Mabel Pouch,SKU-00073,Pouch,Orange,10 x 3 x 6.6 in,
Linen Grey Needled Tablecloth,SKU-00074,Tablecloth,Oatmeal,"108""x60"" / 274x152 cm",0.73
Linen Blue Needled Table Runner,SKU-00075,Table Runner,Lime Yellow,"16""x80"" / 40x200 cm",0.17
Linen Tendril Duvet Cover,SKU-00076,Duvet Cover,Lime Yellow,"US CA KING: 104""X94"" / 264 x 239 cm / Standard pillowcases: 26""X20"" / 51 x 66 cm",2.45
Linen Arcade Apron,SKU-00077,Apron,Yellow,Cross Back - Free Size,0.2
Linen Orange Needled Tablecloth,SKU-00078,Tablecloth,Vanilla Sky,"128""x55"" / 325x140 cm",0.79
Linen Lozenge Cushion Cover,SKU-00079,Cushion Cover,-,"20""x28"" / 50x70 cm",0.18
Linen Fringe Me Good Duvet Cover,SKU-00080,Duvet Cover,Sandy Beige,"US CA KING: 104""X94"" / 264 x 239 cm / Queen pillowcases: 20 x 30"" / 51 x 76 cm",2.49
Linen Trail Tote Bag,SKU-00081,Tote Bag,Yellow,53 x 15 x 38 cm,0.22
Linen Verdant Table Runner,SKU-00082,Table Runner,Blue,"16""x100"" / 40x250 cm",0.24
Linen Black Needled Duvet Cover,SKU-00083,Duvet Cover (IND),Vanilla Sky,"102""X 94"" / 260 X 240 cm KING",2.13
Linen Glint Quilt,SKU-00084,Quilt,Vintage Blue,"US KING: 102"" x 90"" / 259 x 229 cm",2.03
Linen Hand Tucked Quilt,SKU-00085,Quilt (IND),Vanilla Sky,"94""X 86"" / 240 X 220 cm QUEEN",1.97
Linen Slumber Solid Basket,SKU-00086,Basket,Lime Yellow,23 x 25 cm,0.25
Linen Camellia Tablecloth,SKU-00087,Tablecloth,Pink,"39""x39"" / 100x100 cm",0.23
Linen Black Needled Duvet Cover,SKU-00088,Duvet Cover (IND),Angora White,"79""X 53"" / 200 X 135 cm SINGLE",0.96
Linen Slumber Solid Bedding Sets,SKU-00089,Bedding Sets,Sunset Orange,US Queen + Queen pillowcases,2.28
Linen Dios Table Runner,SKU-00090,Table Runner,Purple,"16""x60"" / 40x150 cm",0.15
Linen Orange Needled Table Runner,SKU-00091,Table Runner,Sunset Orange,"16""x60"" / 40x150 cm",0.13
Linen Fringe Me Kantha Tablecloth,SKU-00092,Tablecloth,Charcoal Grey,"55""x55"" / 140x140 cm",0.36
Linen Natural Needled Napkin Set,SKU-00093,Napkin Set,Aqua Blue,"Set of 2 - 14""x14""/ 35 cm x 35 cm",0.06
Linen Natural Needled Napkin Set,SKU-00094,Napkin Set,Vanilla Sky,"Set of 2 - 10""x10""/ 25 cm x 25 cm",0.04
Linen Tendril Tablecloth,SKU-00095,Tablecloth,Retro Green,"108""x60"" / 274x152 cm",0.73
Linen Slumber Solid Tablecloth,SKU-00096,Tablecloth,Sunset Orange,"108""x55"" / 274x140 cm",0.67
Linen Orange Needled Table Runner,SKU-00097,Table Runner,Vanilla Sky,"16""x80"" / 40x200 cm",0.17
Linen Black Needled Duvet Cover,SKU-00098,Duvet Cover (IND),Aqua Blue,"90""X 65"" / 230 X 165 cm TWIN XL / Standard pillowcases: 69""X43"" / 27 x 17 cm",1.61
Linen Ruffle Medley Cushion Cover,SKU-00099,Cushion Cover,Vanilla Sky,"16""x24"" / 40x60 cm",0.11
Linen Natural Lace Tablecloth,SKU-00100,Tablecloth,Angora White,"100""x55"" / 250x140 cm",0.62
Linen Black Needled Duvet Cover,SKU-00101,Duvet Cover,Ivory Bloom,"US QUEEN: 90""X88"" / 229 x 224 cm / King pillowcases: 20 x 36"" / 51 x 91 cm",2.16
Linen Grey Needled Duvet Cover,SKU-00102,Duvet Cover,Bottle Green,"US KING: 102""X90"" / 259 x 229 cm / Jumbo pillowcases: 20"" x 28"" / 51 x 71 cm",2.34
Linen Orange Needled Napkin Set,SKU-00103,Napkin Set,Lime Yellow,"Set of 2 - 10""x10""/ 25 cm x 25 cm",0.04
Linen Sylph Bag,SKU-00104,Bag,Brown,free size (Drawstring Bag),
Linen Grey Needled Cushion Cover,SKU-00105,Cushion Cover,Sandy Beige,"20""x20"" / 50x50 cm",0.11
Linen Natural Needled Tablecloth,SKU-00106,Tablecloth,Angora White,"91""x55"" / 231x140 cm",0.57
Linen Mabel Duvet Cover,SKU-00107,Duvet Cover (IND),Blue,"86""X 79"" / 220 X 200 cm DOUBLLE / Standard pillowcases: 69""X43"" / 27 x 17 cm",2.15
Linen Harmony Curtain,SKU-00108,Curtain,Green,"53""x96""/ 135x244cm",0.7
Linen Fringe Me Kantha Tablecloth,SKU-00109,Tablecloth,Mauve Dust,"108""x60"" / 274x152 cm",0.73
Linen Glint Quilt,SKU-00110,Quilt,Angora White,"US CA KING: 104"" x 94"" / 264 x 239 cm",2.16
