Material,SKU,Lot Number,Lot Label,Unwash Quantity,Wash Quantity,In Transit Qty,Disputed Qty,In Wash Qty,Status,Created Date,Remarks
Linen Fabric / Solid / Cinnamon Brown,RM-00001,L3,Test lot,50.00,107.24,22.50,0.00,,Active,,"TEST DATA created by seedTestLots - split off L2 so multi-lot issuing can be exercised"
Linen Fabric / Solid / Vanilla Sky,RM-00003,L3,Test lot,50.00,280.00,0.00,0.00,,Active,,"TEST DATA created by seedTestLots - split off L2 so multi-lot issuing can be exercised"
Linen Fabric / Solid / Sylph Green,RM-00004,L3,Test lot,50.00,293.90,0.00,0.00,,Active,,"TEST DATA created by seedTestLots - split off L2 so multi-lot issuing can be exercised"
Linen Fabric / Block Print / Wiltshire Green,RM-00005,L3,Test lot,50.00,150.28,8.25,0.00,,Active,,"TEST DATA created by seedTestLots - split off L2 so multi-lot issuing can be exercised"
Linen Fabric / Block Print / Camellia Green,RM-00006,L3,Test lot,50.00,259.98,3.30,0.00,,Active,,"TEST DATA created by seedTestLots - split off L2 so multi-lot issuing can be exercised"
Linen Fabric / Block Print / Heritage Yellow,RM-00007,L3,Test lot,50.00,400.00,0.00,0.00,,Active,,"TEST DATA created by seedTestLots - split off L2 so multi-lot issuing can be exercised"
Linen Fabric / Block Print / Donna,RM-00008,L3,Test lot,50.00,226.02,5.25,0.10,,Active,,"TEST DATA created by seedTestLots - split off L2 so multi-lot issuing can be exercised"
Linen Fabric / Block Print / Liliana,RM-00009,L3,Test lot,50.00,106.97,5.25,0.00,,Active,,"TEST DATA created by seedTestLots - split off L2 so multi-lot issuing can be exercised"
Linen Fabric / Chambray / Olive,RM-00010,L3,Test lot,19.86,8.20,0.00,0.00,0.00,Active,,"TEST DATA created by seedTestLots - split off L2 so multi-lot issuing can be exercised"
Grey Sheeting / Plain / Grey,RM-00023,L3,Test lot,50.00,78.32,0.00,0.00,,Active,,"TEST DATA created by seedTestLots - split off L2 so multi-lot issuing can be exercised"
100% Linen / Alba,,L2,Test lot,0.00,2.20,0.00,0.00,,Active,,"TEST DATA created by seedTestLots - split off L1 so multi-lot issuing can be exercised"
100% Linen / Althea / Brown,,L3,Test lot,50.00,4.80,0.00,0.00,,Active,,"TEST DATA created by seedTestLots - split off L2 so multi-lot issuing can be exercised"
100% Linen / Althea / Green,,L3,Test lot,50.00,19.60,0.00,0.00,,Active,,"TEST DATA created by seedTestLots - split off L2 so multi-lot issuing can be exercised"
100% Linen / Althea / Blue,,L2,Test lot,0.00,5.20,0.00,0.00,,Active,,"TEST DATA created by seedTestLots - split off L1 so multi-lot issuing can be exercised"
100% Linen / Burl Wood / Brown,,L3,Test lot,35.50,12.80,0.00,0.00,,Active,,"TEST DATA created by seedTestLots - split off L2 so multi-lot issuing can be exercised"
100% Linen / Cabana,,L2,Test lot,0.00,2.20,0.00,0.00,,Active,,"TEST DATA created by seedTestLots - split off L1 so multi-lot issuing can be exercised"
100% Linen / Camellia / Pink,,L2,Test lot,0.00,4.40,0.00,0.00,,Active,,"TEST DATA created by seedTestLots - split off L1 so multi-lot issuing can be exercised"
100% Linen / Camellia / Green,,L2,Test lot,0.00,4.40,0.00,0.00,,Active,,"TEST DATA created by seedTestLots - split off L1 so multi-lot issuing can be exercised"
100% Linen / Caramel Brown / Brown,,L2,Test lot,0.00,9.20,0.00,0.00,,Active,,"TEST DATA created by seedTestLots - split off L1 so multi-lot issuing can be exercised"
100% Linen / Charcoal Drift / Grey,,L2,Test lot,0.00,3.20,0.00,0.00,,Active,,"TEST DATA created by seedTestLots - split off L1 so multi-lot issuing can be exercised"
100% Linen / Chequers,,L2,Test lot,0.00,4.40,0.00,0.00,,Active,,"TEST DATA created by seedTestLots - split off L1 so multi-lot issuing can be exercised"
100% Linen / Clara / Blue,,L3,Test lot,50.00,6.40,0.00,0.00,,Active,,"TEST DATA created by seedTestLots - split off L2 so multi-lot issuing can be exercised"
100% Linen / Clara / Red,,L3,Test lot,50.00,19.60,0.00,0.00,,Active,,"TEST DATA created by seedTestLots - split off L2 so multi-lot issuing can be exercised"
100% Linen / Clara / Yellow,,L3,Test lot,50.00,29.20,0.00,0.00,,Active,,"TEST DATA created by seedTestLots - split off L2 so multi-lot issuing can be exercised"
100% Linen / Cosette,,L3,Test lot,50.00,28.00,0.00,0.00,,Active,,"TEST DATA created by seedTestLots - split off L2 so multi-lot issuing can be exercised"
100% Linen / Denise / Blue,,L2,Test lot,0.00,2.00,0.00,0.00,,Active,,"TEST DATA created by seedTestLots - split off L1 so multi-lot issuing can be exercised"
100% Linen / Denise / Grey,,L2,Test lot,0.00,19.60,0.00,0.00,,Active,,"TEST DATA created by seedTestLots - split off L1 so multi-lot issuing can be exercised"
100% Linen / Denise / Red,,L2,Test lot,0.00,3.60,0.00,0.00,,Active,,"TEST DATA created by seedTestLots - split off L1 so multi-lot issuing can be exercised"
100% Linen / Dios / Purple,,L2,Test lot,0.00,11.60,0.00,0.00,,Active,,"TEST DATA created by seedTestLots - split off L1 so multi-lot issuing can be exercised"
100% Linen / Dios / Orange,,L2,Test lot,0.00,10.80,0.00,0.00,,Active,,"TEST DATA created by seedTestLots - split off L1 so multi-lot issuing can be exercised"
100% Linen / Dios / Green,,L2,Test lot,0.00,3.92,0.00,0.00,,Active,,"TEST DATA created by seedTestLots - split off L1 so multi-lot issuing can be exercised"
100% Linen / Dios / Blue,,L2,Test lot,0.00,12.00,0.00,0.00,,Active,,"TEST DATA created by seedTestLots - split off L1 so multi-lot issuing can be exercised"
100% Linen / Donna,,L2,Test lot,0.00,8.00,0.00,0.00,,Active,,"TEST DATA created by seedTestLots - split off L1 so multi-lot issuing can be exercised"
100% Linen / Edith,,L3,Test lot,50.00,8.80,0.00,0.00,,Active,,"TEST DATA created by seedTestLots - split off L2 so multi-lot issuing can be exercised"
100% Linen / Eira,,L2,Test lot,0.00,65.20,0.00,0.00,,Active,,"TEST DATA created by seedTestLots - split off L1 so multi-lot issuing can be exercised"
100% Linen / Eska,,L2,Test lot,0.00,6.60,0.00,0.00,,Active,,"TEST DATA created by seedTestLots - split off L1 so multi-lot issuing can be exercised"
100% Linen / Eska / Yellow & brown,,L2,Test lot,0.00,4.40,0.00,0.00,,Active,,"TEST DATA created by seedTestLots - split off L1 so multi-lot issuing can be exercised"
100% Linen / Eugene,,L2,Test lot,0.00,19.20,0.00,0.00,,Active,,"TEST DATA created by seedTestLots - split off L1 so multi-lot issuing can be exercised"
100% Linen / French Cream,,L2,Test lot,0.00,0.40,0.00,0.00,,Active,,"TEST DATA created by seedTestLots - split off L1 so multi-lot issuing can be exercised"
100% Linen / Hamlet / Olive,,L3,Test lot,33.00,41.20,0.00,0.00,,Active,,"TEST DATA created by seedTestLots - split off L2 so multi-lot issuing can be exercised"
100% Linen / Hamlet / Brown,,L3,Test lot,32.00,2.40,0.00,0.00,,Active,,"TEST DATA created by seedTestLots - split off L2 so multi-lot issuing can be exercised"
100% Linen / Hamlet / Green,,L3,Test lot,45.00,31.20,0.00,0.00,,Active,,"TEST DATA created by seedTestLots - split off L2 so multi-lot issuing can be exercised"
100% Linen / Harmony / Yellow,,L2,Test lot,0.00,86.00,0.00,0.00,,Active,,"TEST DATA created by seedTestLots - split off L1 so multi-lot issuing can be exercised"
100% Linen / Harmony / Red,,L2,Test lot,0.00,101.60,0.00,0.00,,Active,,"TEST DATA created by seedTestLots - split off L1 so multi-lot issuing can be exercised"
100% Linen / Harmony / Green,,L2,Test lot,0.00,84.40,0.00,0.00,,Active,,"TEST DATA created by seedTestLots - split off L1 so multi-lot issuing can be exercised"
100% Linen / Heritage / Peach,,L2,Test lot,0.00,4.40,0.00,0.00,,Active,,"TEST DATA created by seedTestLots - split off L1 so multi-lot issuing can be exercised"
100% Linen / Herringbone / Mustard,,L3,Test lot,50.00,13.20,0.00,0.00,,Active,,"TEST DATA created by seedTestLots - split off L2 so multi-lot issuing can be exercised"
100% Linen / Herringbone / Terracotta,,L3,Test lot,29.50,10.00,0.00,0.00,,Active,,"TEST DATA created by seedTestLots - split off L2 so multi-lot issuing can be exercised"
100% Linen / Herringbone / Olive,,L3,Test lot,46.00,15.20,0.00,0.00,,Active,,"TEST DATA created by seedTestLots - split off L2 so multi-lot issuing can be exercised"
100% Linen / Jacobean,,L2,Test lot,0.00,6.60,0.00,0.00,,Active,,"TEST DATA created by seedTestLots - split off L1 so multi-lot issuing can be exercised"
100% Linen / Kester,,L2,Test lot,0.00,34.00,0.00,0.00,,Active,,"TEST DATA created by seedTestLots - split off L1 so multi-lot issuing can be exercised"
100% Linen / Lane / Green,,L2,Test lot,0.00,92.00,0.00,0.00,,Active,,"TEST DATA created by seedTestLots - split off L1 so multi-lot issuing can be exercised"
100% Linen / Lane / Yellow,,L2,Test lot,0.00,106.80,0.00,0.00,,Active,,"TEST DATA created by seedTestLots - split off L1 so multi-lot issuing can be exercised"
100% Linen / Lane / Red,,L2,Test lot,0.00,99.60,0.00,0.00,,Active,,"TEST DATA created by seedTestLots - split off L1 so multi-lot issuing can be exercised"
100% Linen / Lenore,,L2,Test lot,0.00,1.20,0.00,0.00,,Active,,"TEST DATA created by seedTestLots - split off L1 so multi-lot issuing can be exercised"
100% Linen / Liliana,,L2,Test lot,0.00,6.60,0.00,0.00,,Active,,"TEST DATA created by seedTestLots - split off L1 so multi-lot issuing can be exercised"
100% Linen / Maris / Green,,L2,Test lot,0.00,2.20,0.00,0.00,,Active,,"TEST DATA created by seedTestLots - split off L1 so multi-lot issuing can be exercised"
100% Linen / Midnight Green / Green,,L3,Test lot,50.00,20.40,0.00,0.00,,Active,,"TEST DATA created by seedTestLots - split off L2 so multi-lot issuing can be exercised"
100% Linen / Muted Lime / Yellow,,L3,Test lot,50.00,26.00,0.00,0.00,,Active,,"TEST DATA created by seedTestLots - split off L2 so multi-lot issuing can be exercised"
100% Linen / Muted Mocha / Brown,,L3,Test lot,50.00,16.00,0.00,0.00,,Active,,"TEST DATA created by seedTestLots - split off L2 so multi-lot issuing can be exercised"
100% Linen / Mysa / Blue,,L2,Test lot,0.00,2.00,0.00,0.00,,Active,,"TEST DATA created by seedTestLots - split off L1 so multi-lot issuing can be exercised"
100% Linen / Mysa / Pink,,L2,Test lot,0.00,22.40,0.00,0.00,,Active,,"TEST DATA created by seedTestLots - split off L1 so multi-lot issuing can be exercised"
100% Linen / Ochre / Yellow & Red,,L2,Test lot,0.00,8.80,0.00,0.00,,Active,,"TEST DATA created by seedTestLots - split off L1 so multi-lot issuing can be exercised"
100% Linen / Olea / Green,,L2,Test lot,0.00,2.20,0.00,0.00,,Active,,"TEST DATA created by seedTestLots - split off L1 so multi-lot issuing can be exercised"
100% Linen / Olea / Blue,,L2,Test lot,0.00,2.20,0.00,0.00,,Active,,"TEST DATA created by seedTestLots - split off L1 so multi-lot issuing can be exercised"
100% Linen / Olea / Red,,L2,Test lot,0.00,9.00,0.00,0.00,,Active,,"TEST DATA created by seedTestLots - split off L1 so multi-lot issuing can be exercised"
100% Linen / Olive Mist / Olive Green,,L3,Test lot,39.50,8.00,0.00,0.00,,Active,,"TEST DATA created by seedTestLots - split off L2 so multi-lot issuing can be exercised"
100% Linen / Prudence,,L2,Test lot,0.00,22.40,0.00,0.00,,Active,,"TEST DATA created by seedTestLots - split off L1 so multi-lot issuing can be exercised"
100% Linen / Rene Green / Green,,L2,Test lot,0.00,92.80,0.00,0.00,,Active,,"TEST DATA created by seedTestLots - split off L1 so multi-lot issuing can be exercised"
100% Linen / Rene Red / Red,,L2,Test lot,0.00,75.60,0.00,0.00,,Active,,"TEST DATA created by seedTestLots - split off L1 so multi-lot issuing can be exercised"
RFD / RFD / WHITE,,L2,Test lot,0.00,82.80,0.00,0.00,,Active,,"TEST DATA created by seedTestLots - split off L1 so multi-lot issuing can be exercised"
100% Linen / Rio / Blue,,L2,Test lot,0.00,4.40,0.00,0.00,,Active,,"TEST DATA created by seedTestLots - split off L1 so multi-lot issuing can be exercised"
100% Linen / Rio / Red,,L2,Test lot,0.00,6.00,0.00,0.00,,Active,,"TEST DATA created by seedTestLots - split off L1 so multi-lot issuing can be exercised"
100% Linen / Riva,,L2,Test lot,0.00,4.40,0.00,0.00,,Active,,"TEST DATA created by seedTestLots - split off L1 so multi-lot issuing can be exercised"
100% Linen / Rosado / Green,,L3,Test lot,33.00,10.40,0.00,0.00,,Active,,"TEST DATA created by seedTestLots - split off L2 so multi-lot issuing can be exercised"
100% Linen / Rosado / Orange,,L3,Test lot,50.00,4.40,0.00,0.00,,Active,,"TEST DATA created by seedTestLots - split off L2 so multi-lot issuing can be exercised"
100% Linen / Rosado / Red,,L3,Test lot,50.00,8.40,0.00,0.00,,Active,,"TEST DATA created by seedTestLots - split off L2 so multi-lot issuing can be exercised"
100% Linen / Rose Wood / Dusty Pink,,L2,Test lot,0.00,38.00,0.00,0.00,,Active,,"TEST DATA created by seedTestLots - split off L1 so multi-lot issuing can be exercised"
100% Linen / Roso / Orange,,L3,Test lot,31.00,5.20,0.00,0.00,,Active,,"TEST DATA created by seedTestLots - split off L2 so multi-lot issuing can be exercised"
100% Linen / Roso / Green,,L2,Test lot,0.00,9.20,0.00,0.00,,Active,,"TEST DATA created by seedTestLots - split off L1 so multi-lot issuing can be exercised"
100% Linen / Roso / Red,,L3,Test lot,25.00,20.40,0.00,0.00,,Active,,"TEST DATA created by seedTestLots - split off L2 so multi-lot issuing can be exercised"
100% Linen / Sage Green / Green,,L3,Test lot,50.00,30.40,0.00,0.00,,Active,,"TEST DATA created by seedTestLots - split off L2 so multi-lot issuing can be exercised"
100% Linen / Segue / Red,,L3,Test lot,50.00,25.20,0.00,0.00,,Active,,"TEST DATA created by seedTestLots - split off L2 so multi-lot issuing can be exercised"
100% Linen / Segue / Yellow,,L3,Test lot,50.00,15.20,0.00,0.00,,Active,,"TEST DATA created by seedTestLots - split off L2 so multi-lot issuing can be exercised"
100% Linen / Segue / Blue,,L3,Test lot,50.00,17.60,0.00,0.00,,Active,,"TEST DATA created by seedTestLots - split off L2 so multi-lot issuing can be exercised"
100% Linen / Slumber Solid / Mauve Dust,,L3,Test lot,50.00,9.60,0.00,0.00,,Active,,"TEST DATA created by seedTestLots - split off L2 so multi-lot issuing can be exercised"
100% Linen / Slumber Solid / Sandy Biege,,L3,Test lot,50.00,14.80,0.00,0.00,,Active,,"TEST DATA created by seedTestLots - split off L2 so multi-lot issuing can be exercised"
100% Linen / Slumber Solid / Angora White,,L2,Test lot,0.00,32.00,0.00,0.00,,Active,,"TEST DATA created by seedTestLots - split off L1 so multi-lot issuing can be exercised"
100% Linen / Slumber Solid / Oatmeal,,L2,Test lot,0.00,21.60,0.00,0.00,,Active,,"TEST DATA created by seedTestLots - split off L1 so multi-lot issuing can be exercised"
100% Linen / Slumber Solid / Dusty Gold,,L3,Test lot,34.00,18.00,0.00,0.00,,Active,,"TEST DATA created by seedTestLots - split off L2 so multi-lot issuing can be exercised"
100% Linen / Slumber Solid / Bottle Green,,L2,Test lot,0.00,30.40,0.00,0.00,,Active,,"TEST DATA created by seedTestLots - split off L1 so multi-lot issuing can be exercised"
100% Linen / Slumber Solid / Charcoal Grey,,L3,Test lot,32.00,23.60,0.00,0.00,,Active,,"TEST DATA created by seedTestLots - split off L2 so multi-lot issuing can be exercised"
100% Linen / Slumber Solid / Cinnamon Brown,,L3,Test lot,50.00,22.40,0.00,0.00,,Active,,"TEST DATA created by seedTestLots - split off L2 so multi-lot issuing can be exercised"
100% Linen / Slumber Solid / Retro Green,,L2,Test lot,0.00,34.80,0.00,0.00,,Active,,"TEST DATA created by seedTestLots - split off L1 so multi-lot issuing can be exercised"
100% Linen / Slumber Solid / Caramel Brown,,L2,Test lot,0.00,11.60,0.00,0.00,,Active,,"TEST DATA created by seedTestLots - split off L1 so multi-lot issuing can be exercised"
100% Linen / Slumber Solid / Vanilla Sky,,L3,Test lot,50.00,21.60,0.00,0.00,,Active,,"TEST DATA created by seedTestLots - split off L2 so multi-lot issuing can be exercised"
100% Linen / Slumber Solid / Aqua Blue,,L3,Test lot,37.50,9.20,0.00,0.00,,Active,,"TEST DATA created by seedTestLots - split off L2 so multi-lot issuing can be exercised"
100% Linen / Slumber Solid / Ivory Bloom,,L3,Test lot,50.00,32.40,0.00,0.00,,Active,,"TEST DATA created by seedTestLots - split off L2 so multi-lot issuing can be exercised"
100% Linen / Sova,,L2,Test lot,0.00,6.60,0.00,0.00,,Active,,"TEST DATA created by seedTestLots - split off L1 so multi-lot issuing can be exercised"
100% Linen / Sudoku / Brown,,L2,Test lot,0.00,6.60,0.00,0.00,,Active,,"TEST DATA created by seedTestLots - split off L1 so multi-lot issuing can be exercised"
100% Linen / Sudoku / Red,,L2,Test lot,0.00,4.40,0.00,0.00,,Active,,"TEST DATA created by seedTestLots - split off L1 so multi-lot issuing can be exercised"
100% Linen / Sudoku / Green,,L2,Test lot,0.00,1.60,0.00,0.00,,Active,,"TEST DATA created by seedTestLots - split off L1 so multi-lot issuing can be exercised"
100% Linen / Sunburnt Yellow / Mustard,,L2,Test lot,0.00,26.80,0.00,0.00,,Active,,"TEST DATA created by seedTestLots - split off L1 so multi-lot issuing can be exercised"
100% Linen / Swirly Green / Green,,L2,Test lot,0.00,1.60,0.00,0.00,,Active,,"TEST DATA created by seedTestLots - split off L1 so multi-lot issuing can be exercised"
100% Linen / Swirly Red / Red,,L2,Test lot,0.00,4.40,0.00,0.00,,Active,,"TEST DATA created by seedTestLots - split off L1 so multi-lot issuing can be exercised"
100% Linen / Swirly Yellow / Yellow,,L2,Test lot,0.00,30.00,0.00,0.00,,Active,,"TEST DATA created by seedTestLots - split off L1 so multi-lot issuing can be exercised"
100% Linen / Sylph / Blue,,L3,Test lot,50.00,16.00,0.00,0.00,,Active,,"TEST DATA created by seedTestLots - split off L2 so multi-lot issuing can be exercised"
100% Linen / Sylph / Green,,L3,Test lot,50.00,1.20,0.00,0.00,,Active,,"TEST DATA created by seedTestLots - split off L2 so multi-lot issuing can be exercised"
100% Linen / Sylph / Brown,,L3,Test lot,50.00,10.40,0.00,0.00,,Active,,"TEST DATA created by seedTestLots - split off L2 so multi-lot issuing can be exercised"
100% Linen / Sylvan,,L2,Test lot,0.00,11.00,0.00,0.00,,Active,,"TEST DATA created by seedTestLots - split off L1 so multi-lot issuing can be exercised"
100% Linen / Tiffany Blue / Blue,,L2,Test lot,0.00,96.00,0.00,0.00,,Active,,"TEST DATA created by seedTestLots - split off L1 so multi-lot issuing can be exercised"
100% Linen / Tiffany Green / Green,,L2,Test lot,0.00,63.60,0.00,0.00,,Active,,"TEST DATA created by seedTestLots - split off L1 so multi-lot issuing can be exercised"
100% Linen / Vasara / Red,,L2,Test lot,0.00,4.40,0.00,0.00,,Active,,"TEST DATA created by seedTestLots - split off L1 so multi-lot issuing can be exercised"
100% Linen / Velour / Blue,,L3,Test lot,50.00,1.60,0.00,0.00,,Active,,"TEST DATA created by seedTestLots - split off L2 so multi-lot issuing can be exercised"
100% Linen / Vern Green / Green,,L3,Test lot,9.00,45.60,0.00,0.00,,Active,,"TEST DATA created by seedTestLots - split off L2 so multi-lot issuing can be exercised"
100% Linen / Vern Red / Red,,L2,Test lot,0.00,20.00,0.00,0.00,,Active,,"TEST DATA created by seedTestLots - split off L1 so multi-lot issuing can be exercised"
100% Linen / Vern Yellow / Yellow,,L3,Test lot,39.00,24.80,0.00,0.00,,Active,,"TEST DATA created by seedTestLots - split off L2 so multi-lot issuing can be exercised"
100% Linen / Victor,,L3,Test lot,17.50,17.20,0.00,0.00,,Active,,"TEST DATA created by seedTestLots - split off L2 so multi-lot issuing can be exercised"
100% Linen / Vincent,,L3,Test lot,12.50,33.20,0.00,0.00,,Active,,"TEST DATA created by seedTestLots - split off L2 so multi-lot issuing can be exercised"
100% Linen / Voyage / Pink,,L2,Test lot,0.00,6.60,0.00,0.00,,Active,,"TEST DATA created by seedTestLots - split off L1 so multi-lot issuing can be exercised"
100% Linen / Voyage / Blue,,L2,Test lot,0.00,8.00,0.00,0.00,,Active,,"TEST DATA created by seedTestLots - split off L1 so multi-lot issuing can be exercised"
100% Linen / Wild Wine / Blue,,L3,Test lot,50.00,5.20,0.00,0.00,,Active,,"TEST DATA created by seedTestLots - split off L2 so multi-lot issuing can be exercised"
100% Linen / Wiltshire / Green,,L2,Test lot,0.00,6.60,0.00,0.00,,Active,,"TEST DATA created by seedTestLots - split off L1 so multi-lot issuing can be exercised"
100% Linen / Zen / Green,LL003,L2,Test lot,0.00,60.00,0.00,0.00,,Active,,"TEST DATA created by seedTestLots - split off L1 so multi-lot issuing can be exercised"
100% Linen / Zen / Peach,LL002,L2,Test lot,0.00,87.60,0.00,0.00,,Active,,"TEST DATA created by seedTestLots - split off L1 so multi-lot issuing can be exercised"
100% Linen / Zen / Yellow,LL001,L2,Test lot,0.00,78.00,0.00,0.00,,Active,,"TEST DATA created by seedTestLots - split off L1 so multi-lot issuing can be exercised"
Linen Fabric / Solid / Cinnamon Brown,RM-00001,L2,Opening washed,50.00,223.86,0.00,0.00,,Active,,"Opening lot created by migrateOpeningLots - washing is what shifts the tone, so this is not the same lot as the greige"
Linen Fabric / Solid / Cinnamon Brown,RM-00001,L1,Opening unwashed,600.00,0.00,0.00,0.00,,Active,,"Opening lot created by migrateOpeningLots - greige, not yet washed"
Linen Fabric / Solid / Dusty Gold,RM-00002,L1,Opening unwashed,0.00,117.48,0.00,0.00,0.00,Active,,"Opening lot created by migrateOpeningLots - greige, not yet washed"
Linen Fabric / Solid / Vanilla Sky,RM-00003,L2,Opening washed,50.00,420.00,0.00,0.00,,Active,,"Opening lot created by migrateOpeningLots - washing is what shifts the tone, so this is not the same lot as the greige"
Linen Fabric / Solid / Vanilla Sky,RM-00003,L1,Opening unwashed,800.00,0.00,0.00,0.00,,Active,,"Opening lot created by migrateOpeningLots - greige, not yet washed"
Linen Fabric / Solid / Sylph Green,RM-00004,L2,Opening washed,50.00,470.10,0.00,0.00,,Active,,"Opening lot created by migrateOpeningLots - washing is what shifts the tone, so this is not the same lot as the greige"
Linen Fabric / Solid / Sylph Green,RM-00004,L1,Opening unwashed,900.00,0.00,0.00,0.00,,Active,,"Opening lot created by migrateOpeningLots - greige, not yet washed"
Linen Fabric / Block Print / Wiltshire Green,RM-00005,L2,Opening washed,50.00,274.92,0.00,0.00,,Active,,"Opening lot created by migrateOpeningLots - washing is what shifts the tone, so this is not the same lot as the greige"
Linen Fabric / Block Print / Wiltshire Green,RM-00005,L1,Opening unwashed,700.00,0.00,0.00,0.00,,Active,,"Opening lot created by migrateOpeningLots - greige, not yet washed"
Linen Fabric / Block Print / Camellia Green,RM-00006,L2,Opening washed,50.00,409.77,0.00,0.00,,Active,,"Opening lot created by migrateOpeningLots - washing is what shifts the tone, so this is not the same lot as the greige"
Linen Fabric / Block Print / Camellia Green,RM-00006,L1,Opening unwashed,700.00,0.00,0.00,0.00,,Active,,"Opening lot created by migrateOpeningLots - greige, not yet washed"
Linen Fabric / Block Print / Heritage Yellow,RM-00007,L2,Opening washed,50.00,600.00,0.00,0.00,,Active,,"Opening lot created by migrateOpeningLots - washing is what shifts the tone, so this is not the same lot as the greige"
Linen Fabric / Block Print / Heritage Yellow,RM-00007,L1,Opening unwashed,600.00,0.00,0.00,0.00,,Active,,"Opening lot created by migrateOpeningLots - greige, not yet washed"
Linen Fabric / Block Print / Donna,RM-00008,L2,Opening washed,50.00,417.63,0.00,0.00,,Active,,"Opening lot created by migrateOpeningLots - washing is what shifts the tone, so this is not the same lot as the greige"
Linen Fabric / Block Print / Donna,RM-00008,L1,Opening unwashed,1000.00,0.00,0.00,0.00,,Active,,"Opening lot created by migrateOpeningLots - greige, not yet washed"
Linen Fabric / Block Print / Liliana,RM-00009,L2,Opening washed,50.00,237.63,0.00,0.00,,Active,,"Opening lot created by migrateOpeningLots - washing is what shifts the tone, so this is not the same lot as the greige"
Linen Fabric / Block Print / Liliana,RM-00009,L1,Opening unwashed,650.00,0.00,0.00,0.00,,Active,,"Opening lot created by migrateOpeningLots - greige, not yet washed"
Linen Fabric / Chambray / Olive,RM-00010,L2,Opening washed,0.00,3.38,54.80,0.00,0.00,Active,,"Opening lot created by migrateOpeningLots - washing is what shifts the tone, so this is not the same lot as the greige"
Linen Fabric / Chambray / Olive,RM-00010,L1,Opening unwashed,523.95,20.55,109.60,0.00,0.00,Active,,"Opening lot created by migrateOpeningLots - greige, not yet washed"
Linen Fabric / Yarn Dyed / Sylph Green,RM-00011,L1,Opening unwashed,577.60,0.00,101.25,0.00,0.00,Active,,"Opening lot created by migrateOpeningLots - greige, not yet washed"
Grey Sheeting / Plain / Grey,RM-00023,L2,Opening washed,50.00,117.48,0.00,0.00,,Active,,"Opening lot created by migrateOpeningLots - washing is what shifts the tone, so this is not the same lot as the greige"
Grey Sheeting / Plain / Grey,RM-00023,L1,Opening unwashed,200.00,0.00,0.00,0.00,,Active,,"Opening lot created by migrateOpeningLots - greige, not yet washed"
100% Linen / Alba,,L1,Opening washed,0.00,3.30,0.00,0.00,,Active,,"Opening lot created by migrateOpeningLots - washing is what shifts the tone, so this is not the same lot as the greige"
100% Linen / Althea / Brown,,L2,Opening washed,50.00,7.20,0.00,0.00,,Active,,"Opening lot created by migrateOpeningLots - washing is what shifts the tone, so this is not the same lot as the greige"
100% Linen / Althea / Brown,,L1,Opening unwashed,138.00,0.00,0.00,0.00,,Active,,"Opening lot created by migrateOpeningLots - greige, not yet washed"
100% Linen / Althea / Green,,L2,Opening washed,50.00,29.40,0.00,0.00,,Active,,"Opening lot created by migrateOpeningLots - washing is what shifts the tone, so this is not the same lot as the greige"
100% Linen / Althea / Green,,L1,Opening unwashed,137.00,0.00,0.00,0.00,,Active,,"Opening lot created by migrateOpeningLots - greige, not yet washed"
100% Linen / Althea / Blue,,L1,Opening washed,0.00,7.80,0.00,0.00,,Active,,"Opening lot created by migrateOpeningLots - washing is what shifts the tone, so this is not the same lot as the greige"
100% Linen / Burl Wood / Brown,,L2,Opening washed,35.50,19.20,0.00,0.00,,Active,,"Opening lot created by migrateOpeningLots - washing is what shifts the tone, so this is not the same lot as the greige"
100% Linen / Burl Wood / Brown,,L1,Opening unwashed,0.00,0.00,0.00,0.00,,Active,,"Opening lot created by migrateOpeningLots - greige, not yet washed"
100% Linen / Cabana,,L1,Opening washed,0.00,3.30,0.00,0.00,,Active,,"Opening lot created by migrateOpeningLots - washing is what shifts the tone, so this is not the same lot as the greige"
100% Linen / Camellia / Pink,,L1,Opening washed,0.00,6.60,0.00,0.00,,Active,,"Opening lot created by migrateOpeningLots - washing is what shifts the tone, so this is not the same lot as the greige"
100% Linen / Camellia / Green,,L1,Opening washed,0.00,6.60,0.00,0.00,,Active,,"Opening lot created by migrateOpeningLots - washing is what shifts the tone, so this is not the same lot as the greige"
100% Linen / Caramel Brown / Brown,,L1,Opening washed,0.00,13.80,0.00,0.00,,Active,,"Opening lot created by migrateOpeningLots - washing is what shifts the tone, so this is not the same lot as the greige"
100% Linen / Charcoal Drift / Grey,,L1,Opening washed,0.00,4.80,0.00,0.00,,Active,,"Opening lot created by migrateOpeningLots - washing is what shifts the tone, so this is not the same lot as the greige"
100% Linen / Chequers,,L1,Opening washed,0.00,6.60,0.00,0.00,,Active,,"Opening lot created by migrateOpeningLots - washing is what shifts the tone, so this is not the same lot as the greige"
100% Linen / Clara / Blue,,L2,Opening washed,50.00,9.60,0.00,0.00,,Active,,"Opening lot created by migrateOpeningLots - washing is what shifts the tone, so this is not the same lot as the greige"
100% Linen / Clara / Blue,,L1,Opening unwashed,105.00,0.00,0.00,0.00,,Active,,"Opening lot created by migrateOpeningLots - greige, not yet washed"
100% Linen / Clara / Red,,L2,Opening washed,50.00,29.40,0.00,0.00,,Active,,"Opening lot created by migrateOpeningLots - washing is what shifts the tone, so this is not the same lot as the greige"
100% Linen / Clara / Red,,L1,Opening unwashed,77.00,0.00,0.00,0.00,,Active,,"Opening lot created by migrateOpeningLots - greige, not yet washed"
100% Linen / Clara / Yellow,,L2,Opening washed,50.00,43.80,0.00,0.00,,Active,,"Opening lot created by migrateOpeningLots - washing is what shifts the tone, so this is not the same lot as the greige"
100% Linen / Clara / Yellow,,L1,Opening unwashed,7.00,0.00,0.00,0.00,,Active,,"Opening lot created by migrateOpeningLots - greige, not yet washed"
100% Linen / Cosette,,L2,Opening washed,50.00,42.00,0.00,0.00,,Active,,"Opening lot created by migrateOpeningLots - washing is what shifts the tone, so this is not the same lot as the greige"
100% Linen / Cosette,,L1,Opening unwashed,138.00,0.00,0.00,0.00,,Active,,"Opening lot created by migrateOpeningLots - greige, not yet washed"
100% Linen / Denise / Blue,,L1,Opening washed,0.00,3.00,0.00,0.00,,Active,,"Opening lot created by migrateOpeningLots - washing is what shifts the tone, so this is not the same lot as the greige"
100% Linen / Denise / Grey,,L1,Opening washed,0.00,29.40,0.00,0.00,,Active,,"Opening lot created by migrateOpeningLots - washing is what shifts the tone, so this is not the same lot as the greige"
100% Linen / Denise / Red,,L1,Opening washed,0.00,5.40,0.00,0.00,,Active,,"Opening lot created by migrateOpeningLots - washing is what shifts the tone, so this is not the same lot as the greige"
100% Linen / Dios / Purple,,L1,Opening washed,0.00,17.40,0.00,0.00,,Active,,"Opening lot created by migrateOpeningLots - washing is what shifts the tone, so this is not the same lot as the greige"
100% Linen / Dios / Orange,,L1,Opening washed,0.00,16.20,0.00,0.00,,Active,,"Opening lot created by migrateOpeningLots - washing is what shifts the tone, so this is not the same lot as the greige"
100% Linen / Dios / Green,,L1,Opening washed,0.00,5.88,0.00,0.00,,Active,,"Opening lot created by migrateOpeningLots - washing is what shifts the tone, so this is not the same lot as the greige"
100% Linen / Dios / Blue,,L1,Opening washed,0.00,18.00,0.00,0.00,,Active,,"Opening lot created by migrateOpeningLots - washing is what shifts the tone, so this is not the same lot as the greige"
100% Linen / Donna,,L1,Opening washed,0.00,12.00,0.00,0.00,,Active,,"Opening lot created by migrateOpeningLots - washing is what shifts the tone, so this is not the same lot as the greige"
100% Linen / Edith,,L2,Opening washed,50.00,13.20,0.00,0.00,,Active,,"Opening lot created by migrateOpeningLots - washing is what shifts the tone, so this is not the same lot as the greige"
100% Linen / Edith,,L1,Opening unwashed,126.00,0.00,0.00,0.00,,Active,,"Opening lot created by migrateOpeningLots - greige, not yet washed"
100% Linen / Eira,,L1,Opening washed,0.00,97.80,0.00,0.00,,Active,,"Opening lot created by migrateOpeningLots - washing is what shifts the tone, so this is not the same lot as the greige"
100% Linen / Eska,,L1,Opening washed,0.00,9.90,0.00,0.00,,Active,,"Opening lot created by migrateOpeningLots - washing is what shifts the tone, so this is not the same lot as the greige"
100% Linen / Eska / Yellow & brown,,L1,Opening washed,0.00,6.60,0.00,0.00,,Active,,"Opening lot created by migrateOpeningLots - washing is what shifts the tone, so this is not the same lot as the greige"
100% Linen / Eugene,,L1,Opening washed,0.00,28.80,0.00,0.00,,Active,,"Opening lot created by migrateOpeningLots - washing is what shifts the tone, so this is not the same lot as the greige"
100% Linen / French Cream,,L1,Opening washed,0.00,0.60,0.00,0.00,,Active,,"Opening lot created by migrateOpeningLots - washing is what shifts the tone, so this is not the same lot as the greige"
100% Linen / Hamlet / Olive,,L2,Opening washed,33.00,61.80,0.00,0.00,,Active,,"Opening lot created by migrateOpeningLots - washing is what shifts the tone, so this is not the same lot as the greige"
100% Linen / Hamlet / Olive,,L1,Opening unwashed,0.00,0.00,0.00,0.00,,Active,,"Opening lot created by migrateOpeningLots - greige, not yet washed"
100% Linen / Hamlet / Brown,,L2,Opening washed,32.00,3.60,0.00,0.00,,Active,,"Opening lot created by migrateOpeningLots - washing is what shifts the tone, so this is not the same lot as the greige"
100% Linen / Hamlet / Brown,,L1,Opening unwashed,0.00,0.00,0.00,0.00,,Active,,"Opening lot created by migrateOpeningLots - greige, not yet washed"
100% Linen / Hamlet / Green,,L2,Opening washed,45.00,46.80,0.00,0.00,,Active,,"Opening lot created by migrateOpeningLots - washing is what shifts the tone, so this is not the same lot as the greige"
100% Linen / Hamlet / Green,,L1,Opening unwashed,0.00,0.00,0.00,0.00,,Active,,"Opening lot created by migrateOpeningLots - greige, not yet washed"
100% Linen / Harmony / Yellow,,L1,Opening washed,0.00,129.00,0.00,0.00,,Active,,"Opening lot created by migrateOpeningLots - washing is what shifts the tone, so this is not the same lot as the greige"
100% Linen / Harmony / Red,,L1,Opening washed,0.00,152.40,0.00,0.00,,Active,,"Opening lot created by migrateOpeningLots - washing is what shifts the tone, so this is not the same lot as the greige"
100% Linen / Harmony / Green,,L1,Opening washed,0.00,126.60,0.00,0.00,,Active,,"Opening lot created by migrateOpeningLots - washing is what shifts the tone, so this is not the same lot as the greige"
100% Linen / Heritage / Peach,,L1,Opening washed,0.00,6.60,0.00,0.00,,Active,,"Opening lot created by migrateOpeningLots - washing is what shifts the tone, so this is not the same lot as the greige"
100% Linen / Herringbone / Mustard,,L2,Opening washed,50.00,19.80,0.00,0.00,,Active,,"Opening lot created by migrateOpeningLots - washing is what shifts the tone, so this is not the same lot as the greige"
100% Linen / Herringbone / Mustard,,L1,Opening unwashed,106.00,0.00,0.00,0.00,,Active,,"Opening lot created by migrateOpeningLots - greige, not yet washed"
100% Linen / Herringbone / Terracotta,,L2,Opening washed,29.50,15.00,0.00,0.00,,Active,,"Opening lot created by migrateOpeningLots - washing is what shifts the tone, so this is not the same lot as the greige"
100% Linen / Herringbone / Terracotta,,L1,Opening unwashed,0.00,0.00,0.00,0.00,,Active,,"Opening lot created by migrateOpeningLots - greige, not yet washed"
100% Linen / Herringbone / Olive,,L2,Opening washed,46.00,22.80,0.00,0.00,,Active,,"Opening lot created by migrateOpeningLots - washing is what shifts the tone, so this is not the same lot as the greige"
100% Linen / Herringbone / Olive,,L1,Opening unwashed,0.00,0.00,0.00,0.00,,Active,,"Opening lot created by migrateOpeningLots - greige, not yet washed"
100% Linen / Jacobean,,L1,Opening washed,0.00,9.90,0.00,0.00,,Active,,"Opening lot created by migrateOpeningLots - washing is what shifts the tone, so this is not the same lot as the greige"
100% Linen / Kester,,L1,Opening washed,0.00,51.00,0.00,0.00,,Active,,"Opening lot created by migrateOpeningLots - washing is what shifts the tone, so this is not the same lot as the greige"
100% Linen / Lane / Green,,L1,Opening washed,0.00,138.00,0.00,0.00,,Active,,"Opening lot created by migrateOpeningLots - washing is what shifts the tone, so this is not the same lot as the greige"
100% Linen / Lane / Yellow,,L1,Opening washed,0.00,160.20,0.00,0.00,,Active,,"Opening lot created by migrateOpeningLots - washing is what shifts the tone, so this is not the same lot as the greige"
100% Linen / Lane / Red,,L1,Opening washed,0.00,149.40,0.00,0.00,,Active,,"Opening lot created by migrateOpeningLots - washing is what shifts the tone, so this is not the same lot as the greige"
100% Linen / Lenore,,L1,Opening washed,0.00,1.80,0.00,0.00,,Active,,"Opening lot created by migrateOpeningLots - washing is what shifts the tone, so this is not the same lot as the greige"
100% Linen / Liliana,,L1,Opening washed,0.00,9.90,0.00,0.00,,Active,,"Opening lot created by migrateOpeningLots - washing is what shifts the tone, so this is not the same lot as the greige"
100% Linen / Maris / Green,,L1,Opening washed,0.00,3.30,0.00,0.00,,Active,,"Opening lot created by migrateOpeningLots - washing is what shifts the tone, so this is not the same lot as the greige"
100% Linen / Midnight Green / Green,,L2,Opening washed,50.00,30.60,0.00,0.00,,Active,,"Opening lot created by migrateOpeningLots - washing is what shifts the tone, so this is not the same lot as the greige"
100% Linen / Midnight Green / Green,,L1,Opening unwashed,0.00,0.00,0.00,0.00,,Active,,"Opening lot created by migrateOpeningLots - greige, not yet washed"
100% Linen / Muted Lime / Yellow,,L2,Opening washed,50.00,39.00,0.00,0.00,,Active,,"Opening lot created by migrateOpeningLots - washing is what shifts the tone, so this is not the same lot as the greige"
100% Linen / Muted Lime / Yellow,,L1,Opening unwashed,43.00,0.00,0.00,0.00,,Active,,"Opening lot created by migrateOpeningLots - greige, not yet washed"
100% Linen / Muted Mocha / Brown,,L2,Opening washed,50.00,24.00,0.00,0.00,,Active,,"Opening lot created by migrateOpeningLots - washing is what shifts the tone, so this is not the same lot as the greige"
100% Linen / Muted Mocha / Brown,,L1,Opening unwashed,9.00,0.00,0.00,0.00,,Active,,"Opening lot created by migrateOpeningLots - greige, not yet washed"
100% Linen / Mysa / Blue,,L1,Opening washed,0.00,3.00,0.00,0.00,,Active,,"Opening lot created by migrateOpeningLots - washing is what shifts the tone, so this is not the same lot as the greige"
100% Linen / Mysa / Pink,,L1,Opening washed,0.00,33.60,0.00,0.00,,Active,,"Opening lot created by migrateOpeningLots - washing is what shifts the tone, so this is not the same lot as the greige"
100% Linen / Ochre / Yellow & Red,,L1,Opening washed,0.00,13.20,0.00,0.00,,Active,,"Opening lot created by migrateOpeningLots - washing is what shifts the tone, so this is not the same lot as the greige"
100% Linen / Olea / Green,,L1,Opening washed,0.00,3.30,0.00,0.00,,Active,,"Opening lot created by migrateOpeningLots - washing is what shifts the tone, so this is not the same lot as the greige"
100% Linen / Olea / Blue,,L1,Opening washed,0.00,3.30,0.00,0.00,,Active,,"Opening lot created by migrateOpeningLots - washing is what shifts the tone, so this is not the same lot as the greige"
100% Linen / Olea / Red,,L1,Opening washed,0.00,13.50,0.00,0.00,,Active,,"Opening lot created by migrateOpeningLots - washing is what shifts the tone, so this is not the same lot as the greige"
100% Linen / Olive Mist / Olive Green,,L2,Opening washed,39.50,12.00,0.00,0.00,,Active,,"Opening lot created by migrateOpeningLots - washing is what shifts the tone, so this is not the same lot as the greige"
100% Linen / Olive Mist / Olive Green,,L1,Opening unwashed,0.00,0.00,0.00,0.00,,Active,,"Opening lot created by migrateOpeningLots - greige, not yet washed"
100% Linen / Prudence,,L1,Opening washed,0.00,33.60,0.00,0.00,,Active,,"Opening lot created by migrateOpeningLots - washing is what shifts the tone, so this is not the same lot as the greige"
100% Linen / Rene Green / Green,,L1,Opening washed,0.00,139.20,0.00,0.00,,Active,,"Opening lot created by migrateOpeningLots - washing is what shifts the tone, so this is not the same lot as the greige"
100% Linen / Rene Red / Red,,L1,Opening washed,0.00,113.40,0.00,0.00,,Active,,"Opening lot created by migrateOpeningLots - washing is what shifts the tone, so this is not the same lot as the greige"
RFD / RFD / WHITE,,L1,Opening washed,0.00,124.20,0.00,0.00,,Active,,"Opening lot created by migrateOpeningLots - washing is what shifts the tone, so this is not the same lot as the greige"
100% Linen / Rio / Blue,,L1,Opening washed,0.00,6.60,0.00,0.00,,Active,,"Opening lot created by migrateOpeningLots - washing is what shifts the tone, so this is not the same lot as the greige"
100% Linen / Rio / Red,,L1,Opening washed,0.00,9.00,0.00,0.00,,Active,,"Opening lot created by migrateOpeningLots - washing is what shifts the tone, so this is not the same lot as the greige"
100% Linen / Riva,,L1,Opening washed,0.00,6.60,0.00,0.00,,Active,,"Opening lot created by migrateOpeningLots - washing is what shifts the tone, so this is not the same lot as the greige"
100% Linen / Rosado / Green,,L2,Opening washed,33.00,15.60,0.00,0.00,,Active,,"Opening lot created by migrateOpeningLots - washing is what shifts the tone, so this is not the same lot as the greige"
100% Linen / Rosado / Green,,L1,Opening unwashed,0.00,0.00,0.00,0.00,,Active,,"Opening lot created by migrateOpeningLots - greige, not yet washed"
100% Linen / Rosado / Orange,,L2,Opening washed,50.00,6.60,0.00,0.00,,Active,,"Opening lot created by migrateOpeningLots - washing is what shifts the tone, so this is not the same lot as the greige"
100% Linen / Rosado / Orange,,L1,Opening unwashed,15.00,0.00,0.00,0.00,,Active,,"Opening lot created by migrateOpeningLots - greige, not yet washed"
100% Linen / Rosado / Red,,L2,Opening washed,50.00,12.60,0.00,0.00,,Active,,"Opening lot created by migrateOpeningLots - washing is what shifts the tone, so this is not the same lot as the greige"
100% Linen / Rosado / Red,,L1,Opening unwashed,15.00,0.00,0.00,0.00,,Active,,"Opening lot created by migrateOpeningLots - greige, not yet washed"
100% Linen / Rose Wood / Dusty Pink,,L1,Opening washed,0.00,57.00,0.00,0.00,,Active,,"Opening lot created by migrateOpeningLots - washing is what shifts the tone, so this is not the same lot as the greige"
100% Linen / Roso / Orange,,L2,Opening washed,31.00,7.80,0.00,0.00,,Active,,"Opening lot created by migrateOpeningLots - washing is what shifts the tone, so this is not the same lot as the greige"
100% Linen / Roso / Orange,,L1,Opening unwashed,0.00,0.00,0.00,0.00,,Active,,"Opening lot created by migrateOpeningLots - greige, not yet washed"
100% Linen / Roso / Green,,L1,Opening washed,0.00,13.80,0.00,0.00,,Active,,"Opening lot created by migrateOpeningLots - washing is what shifts the tone, so this is not the same lot as the greige"
100% Linen / Roso / Red,,L2,Opening washed,25.00,30.60,0.00,0.00,,Active,,"Opening lot created by migrateOpeningLots - washing is what shifts the tone, so this is not the same lot as the greige"
100% Linen / Roso / Red,,L1,Opening unwashed,0.00,0.00,0.00,0.00,,Active,,"Opening lot created by migrateOpeningLots - greige, not yet washed"
100% Linen / Sage Green / Green,,L2,Opening washed,50.00,45.60,0.00,0.00,,Active,,"Opening lot created by migrateOpeningLots - washing is what shifts the tone, so this is not the same lot as the greige"
100% Linen / Sage Green / Green,,L1,Opening unwashed,70.00,0.00,0.00,0.00,,Active,,"Opening lot created by migrateOpeningLots - greige, not yet washed"
100% Linen / Segue / Red,,L2,Opening washed,50.00,37.80,0.00,0.00,,Active,,"Opening lot created by migrateOpeningLots - washing is what shifts the tone, so this is not the same lot as the greige"
100% Linen / Segue / Red,,L1,Opening unwashed,76.00,0.00,0.00,0.00,,Active,,"Opening lot created by migrateOpeningLots - greige, not yet washed"
100% Linen / Segue / Yellow,,L2,Opening washed,50.00,22.80,0.00,0.00,,Active,,"Opening lot created by migrateOpeningLots - washing is what shifts the tone, so this is not the same lot as the greige"
100% Linen / Segue / Yellow,,L1,Opening unwashed,127.00,0.00,0.00,0.00,,Active,,"Opening lot created by migrateOpeningLots - greige, not yet washed"
100% Linen / Segue / Blue,,L2,Opening washed,50.00,26.40,0.00,0.00,,Active,,"Opening lot created by migrateOpeningLots - washing is what shifts the tone, so this is not the same lot as the greige"
100% Linen / Segue / Blue,,L1,Opening unwashed,57.00,0.00,0.00,0.00,,Active,,"Opening lot created by migrateOpeningLots - greige, not yet washed"
100% Linen / Slumber Solid / Mauve Dust,,L2,Opening washed,50.00,14.40,0.00,0.00,,Active,,"Opening lot created by migrateOpeningLots - washing is what shifts the tone, so this is not the same lot as the greige"
100% Linen / Slumber Solid / Mauve Dust,,L1,Opening unwashed,37.00,0.00,0.00,0.00,,Active,,"Opening lot created by migrateOpeningLots - greige, not yet washed"
100% Linen / Slumber Solid / Sandy Biege,,L2,Opening washed,50.00,22.20,0.00,0.00,,Active,,"Opening lot created by migrateOpeningLots - washing is what shifts the tone, so this is not the same lot as the greige"
100% Linen / Slumber Solid / Sandy Biege,,L1,Opening unwashed,115.00,0.00,0.00,0.00,,Active,,"Opening lot created by migrateOpeningLots - greige, not yet washed"
100% Linen / Slumber Solid / Angora White,,L1,Opening washed,0.00,48.00,0.00,0.00,,Active,,"Opening lot created by migrateOpeningLots - washing is what shifts the tone, so this is not the same lot as the greige"
100% Linen / Slumber Solid / Oatmeal,,L1,Opening washed,0.00,32.40,0.00,0.00,,Active,,"Opening lot created by migrateOpeningLots - washing is what shifts the tone, so this is not the same lot as the greige"
100% Linen / Slumber Solid / Dusty Gold,,L2,Opening washed,34.00,27.00,0.00,0.00,,Active,,"Opening lot created by migrateOpeningLots - washing is what shifts the tone, so this is not the same lot as the greige"
100% Linen / Slumber Solid / Dusty Gold,,L1,Opening unwashed,0.00,0.00,0.00,0.00,,Active,,"Opening lot created by migrateOpeningLots - greige, not yet washed"
100% Linen / Slumber Solid / Bottle Green,,L1,Opening washed,0.00,45.60,0.00,0.00,,Active,,"Opening lot created by migrateOpeningLots - washing is what shifts the tone, so this is not the same lot as the greige"
100% Linen / Slumber Solid / Charcoal Grey,,L2,Opening washed,32.00,35.40,0.00,0.00,,Active,,"Opening lot created by migrateOpeningLots - washing is what shifts the tone, so this is not the same lot as the greige"
100% Linen / Slumber Solid / Charcoal Grey,,L1,Opening unwashed,0.00,0.00,0.00,0.00,,Active,,"Opening lot created by migrateOpeningLots - greige, not yet washed"
100% Linen / Slumber Solid / Cinnamon Brown,,L2,Opening washed,50.00,33.60,0.00,0.00,,Active,,"Opening lot created by migrateOpeningLots - washing is what shifts the tone, so this is not the same lot as the greige"
100% Linen / Slumber Solid / Cinnamon Brown,,L1,Opening unwashed,78.00,0.00,0.00,0.00,,Active,,"Opening lot created by migrateOpeningLots - greige, not yet washed"
100% Linen / Slumber Solid / Retro Green,,L1,Opening washed,0.00,52.20,0.00,0.00,,Active,,"Opening lot created by migrateOpeningLots - washing is what shifts the tone, so this is not the same lot as the greige"
100% Linen / Slumber Solid / Caramel Brown,,L1,Opening washed,0.00,17.40,0.00,0.00,,Active,,"Opening lot created by migrateOpeningLots - washing is what shifts the tone, so this is not the same lot as the greige"
100% Linen / Slumber Solid / Vanilla Sky,,L2,Opening washed,50.00,32.40,0.00,0.00,,Active,,"Opening lot created by migrateOpeningLots - washing is what shifts the tone, so this is not the same lot as the greige"
100% Linen / Slumber Solid / Vanilla Sky,,L1,Opening unwashed,94.00,0.00,0.00,0.00,,Active,,"Opening lot created by migrateOpeningLots - greige, not yet washed"
100% Linen / Slumber Solid / Aqua Blue,,L2,Opening washed,37.50,13.80,0.00,0.00,,Active,,"Opening lot created by migrateOpeningLots - washing is what shifts the tone, so this is not the same lot as the greige"
100% Linen / Slumber Solid / Aqua Blue,,L1,Opening unwashed,0.00,0.00,0.00,0.00,,Active,,"Opening lot created by migrateOpeningLots - greige, not yet washed"
100% Linen / Slumber Solid / Ivory Bloom,,L2,Opening washed,50.00,48.60,0.00,0.00,,Active,,"Opening lot created by migrateOpeningLots - washing is what shifts the tone, so this is not the same lot as the greige"
100% Linen / Slumber Solid / Ivory Bloom,,L1,Opening unwashed,5.00,0.00,0.00,0.00,,Active,,"Opening lot created by migrateOpeningLots - greige, not yet washed"
100% Linen / Sova,,L1,Opening washed,0.00,9.90,0.00,0.00,,Active,,"Opening lot created by migrateOpeningLots - washing is what shifts the tone, so this is not the same lot as the greige"
100% Linen / Sudoku / Brown,,L1,Opening washed,0.00,9.90,0.00,0.00,,Active,,"Opening lot created by migrateOpeningLots - washing is what shifts the tone, so this is not the same lot as the greige"
100% Linen / Sudoku / Red,,L1,Opening washed,0.00,6.60,0.00,0.00,,Active,,"Opening lot created by migrateOpeningLots - washing is what shifts the tone, so this is not the same lot as the greige"
100% Linen / Sudoku / Green,,L1,Opening washed,0.00,2.40,0.00,0.00,,Active,,"Opening lot created by migrateOpeningLots - washing is what shifts the tone, so this is not the same lot as the greige"
100% Linen / Sunburnt Yellow / Mustard,,L1,Opening washed,0.00,40.20,0.00,0.00,,Active,,"Opening lot created by migrateOpeningLots - washing is what shifts the tone, so this is not the same lot as the greige"
100% Linen / Swirly Green / Green,,L1,Opening washed,0.00,2.40,0.00,0.00,,Active,,"Opening lot created by migrateOpeningLots - washing is what shifts the tone, so this is not the same lot as the greige"
100% Linen / Swirly Red / Red,,L1,Opening washed,0.00,6.60,0.00,0.00,,Active,,"Opening lot created by migrateOpeningLots - washing is what shifts the tone, so this is not the same lot as the greige"
100% Linen / Swirly Yellow / Yellow,,L1,Opening washed,0.00,45.00,0.00,0.00,,Active,,"Opening lot created by migrateOpeningLots - washing is what shifts the tone, so this is not the same lot as the greige"
100% Linen / Sylph / Blue,,L2,Opening washed,50.00,24.00,0.00,0.00,,Active,,"Opening lot created by migrateOpeningLots - washing is what shifts the tone, so this is not the same lot as the greige"
100% Linen / Sylph / Blue,,L1,Opening unwashed,97.00,0.00,0.00,0.00,,Active,,"Opening lot created by migrateOpeningLots - greige, not yet washed"
100% Linen / Sylph / Green,,L2,Opening washed,50.00,1.80,0.00,0.00,,Active,,"Opening lot created by migrateOpeningLots - washing is what shifts the tone, so this is not the same lot as the greige"
100% Linen / Sylph / Green,,L1,Opening unwashed,150.00,0.00,0.00,0.00,,Active,,"Opening lot created by migrateOpeningLots - greige, not yet washed"
100% Linen / Sylph / Brown,,L2,Opening washed,50.00,15.60,0.00,0.00,,Active,,"Opening lot created by migrateOpeningLots - washing is what shifts the tone, so this is not the same lot as the greige"
100% Linen / Sylph / Brown,,L1,Opening unwashed,74.00,0.00,0.00,0.00,,Active,,"Opening lot created by migrateOpeningLots - greige, not yet washed"
100% Linen / Sylvan,,L1,Opening washed,0.00,16.50,0.00,0.00,,Active,,"Opening lot created by migrateOpeningLots - washing is what shifts the tone, so this is not the same lot as the greige"
100% Linen / Tiffany Blue / Blue,,L1,Opening washed,0.00,144.00,0.00,0.00,,Active,,"Opening lot created by migrateOpeningLots - washing is what shifts the tone, so this is not the same lot as the greige"
100% Linen / Tiffany Green / Green,,L1,Opening washed,0.00,95.40,0.00,0.00,,Active,,"Opening lot created by migrateOpeningLots - washing is what shifts the tone, so this is not the same lot as the greige"
100% Linen / Vasara / Red,,L1,Opening washed,0.00,6.60,0.00,0.00,,Active,,"Opening lot created by migrateOpeningLots - washing is what shifts the tone, so this is not the same lot as the greige"
100% Linen / Velour / Blue,,L2,Opening washed,50.00,2.40,0.00,0.00,,Active,,"Opening lot created by migrateOpeningLots - washing is what shifts the tone, so this is not the same lot as the greige"
100% Linen / Velour / Blue,,L1,Opening unwashed,106.00,0.00,0.00,0.00,,Active,,"Opening lot created by migrateOpeningLots - greige, not yet washed"
100% Linen / Vern Green / Green,,L2,Opening washed,9.00,68.40,0.00,0.00,,Active,,"Opening lot created by migrateOpeningLots - washing is what shifts the tone, so this is not the same lot as the greige"
100% Linen / Vern Green / Green,,L1,Opening unwashed,0.00,0.00,0.00,0.00,,Active,,"Opening lot created by migrateOpeningLots - greige, not yet washed"
100% Linen / Vern Red / Red,,L1,Opening washed,0.00,30.00,0.00,0.00,,Active,,"Opening lot created by migrateOpeningLots - washing is what shifts the tone, so this is not the same lot as the greige"
100% Linen / Vern Yellow / Yellow,,L2,Opening washed,39.00,37.20,0.00,0.00,,Active,,"Opening lot created by migrateOpeningLots - washing is what shifts the tone, so this is not the same lot as the greige"
100% Linen / Vern Yellow / Yellow,,L1,Opening unwashed,0.00,0.00,0.00,0.00,,Active,,"Opening lot created by migrateOpeningLots - greige, not yet washed"
100% Linen / Victor,,L2,Opening washed,17.50,25.80,0.00,0.00,,Active,,"Opening lot created by migrateOpeningLots - washing is what shifts the tone, so this is not the same lot as the greige"
100% Linen / Victor,,L1,Opening unwashed,0.00,0.00,0.00,0.00,,Active,,"Opening lot created by migrateOpeningLots - greige, not yet washed"
100% Linen / Vincent,,L2,Opening washed,12.50,49.80,0.00,0.00,,Active,,"Opening lot created by migrateOpeningLots - washing is what shifts the tone, so this is not the same lot as the greige"
100% Linen / Vincent,,L1,Opening unwashed,0.00,0.00,0.00,0.00,,Active,,"Opening lot created by migrateOpeningLots - greige, not yet washed"
100% Linen / Voyage / Pink,,L1,Opening washed,0.00,9.90,0.00,0.00,,Active,,"Opening lot created by migrateOpeningLots - washing is what shifts the tone, so this is not the same lot as the greige"
100% Linen / Voyage / Blue,,L1,Opening washed,0.00,12.00,0.00,0.00,,Active,,"Opening lot created by migrateOpeningLots - washing is what shifts the tone, so this is not the same lot as the greige"
100% Linen / Wild Wine / Blue,,L2,Opening washed,50.00,7.80,0.00,0.00,,Active,,"Opening lot created by migrateOpeningLots - washing is what shifts the tone, so this is not the same lot as the greige"
100% Linen / Wild Wine / Blue,,L1,Opening unwashed,30.00,0.00,0.00,0.00,,Active,,"Opening lot created by migrateOpeningLots - greige, not yet washed"
100% Linen / Wiltshire / Green,,L1,Opening washed,0.00,9.90,0.00,0.00,,Active,,"Opening lot created by migrateOpeningLots - washing is what shifts the tone, so this is not the same lot as the greige"
100% Linen / Zen / Green,LL003,L1,Opening washed,0.00,90.00,0.00,0.00,,Active,,"Opening lot created by migrateOpeningLots - washing is what shifts the tone, so this is not the same lot as the greige"
100% Linen / Zen / Peach,LL002,L1,Opening washed,0.00,131.40,0.00,0.00,,Active,,"Opening lot created by migrateOpeningLots - washing is what shifts the tone, so this is not the same lot as the greige"
100% Linen / Zen / Yellow,LL001,L1,Opening washed,0.00,117.00,0.00,0.00,,Active,,"Opening lot created by migrateOpeningLots - washing is what shifts the tone, so this is not the same lot as the greige"
