ITEM_ID,Name,SKU,Stock On Hand,Reorder Level,Account Name,Available for Sale,Brand,Category,Color,Description,Dimensions,EAN,Fabric Width,GSM,HSN/SAC,ISBN,MPN,Manufacturer,Pattern,Product Type,Purchase Account Name,Purchase Description,Purchase Rate,Quality,Rate,Type,UPC,Usage Unit,Vendor Name,Weight
"3955559000000064299",Cotton Filling / White,RM-00022,180.00,,Sales,180.00,,,White,,,,,,,,,,,Raw Material,Cost of Goods Sold,,₹250.00,Good,₹250.00,Goods,,Kg,,
"3955559000000064243",DMC Embroidery Thread / Multi,RM-00016,355.00,,Sales,355.00,,,Multi,,,,,,,,,,,Raw Material,Cost of Goods Sold,,₹250.00,25 Lea,₹250.00,Goods,,Cone,,
"3955559000000064289",Fusing / White,RM-00021,260.00,,Sales,260.00,,,White,,,,,,,,,,,Raw Material,Cost of Goods Sold,,₹90.00,CFC,₹90.00,Goods,,Mtr,,
"3955559000000064308",Grey Sheeting / Plain / Grey,RM-00023,495.80,,Sales,495.80,,,Grey,,,,64.00,120.00,,,,,Plain,Raw Material,Cost of Goods Sold,,₹120.00,150 GSM,₹120.00,Goods,,Mtr,,
"3955559000000198838",Linen Athena Cushion Cover,SKU-00006,0.00,,Sales,0.00,,,Green,,,,,,,,,,,Finished Goods,Cost of Goods Sold,,₹520.00,,₹999.00,Goods,,Pcs,,
"3955559000000064152",Linen Fabric / Block Print / Camellia Green,RM-00006,"1,474.15",,Sales,"1,474.15",,,Camellia Green,,,,125.00,180.00,,,,,Block Print,Raw Material,Cost of Goods Sold,,₹720.00,200 GSM,₹720.00,Goods,,Mtr,,
"3955559000000064170",Linen Fabric / Block Print / Donna,RM-00008,"1,758.45",,Sales,"1,758.45",,,Donna,,,,64.00,180.00,,,,,Block Print,Raw Material,Cost of Goods Sold,,₹860.00,350 GSM,₹860.00,Goods,,Mtr,,
"3955559000000064161",Linen Fabric / Block Print / Heritage Yellow,RM-00007,"1,700.00",,Sales,"1,700.00",,,Heritage Yellow,,,,64.00,180.00,,,,,Block Print,Raw Material,Cost of Goods Sold,,₹800.00,300 GSM,₹800.00,Goods,,Mtr,,
"3955559000000064179",Linen Fabric / Block Print / Liliana,RM-00009,"1,109.30",,Sales,"1,109.30",,,Liliana,,,,64.00,180.00,,,,,Block Print,Raw Material,Cost of Goods Sold,,₹660.00,150 GSM,₹660.00,Goods,,Mtr,,
"3955559000000064143",Linen Fabric / Block Print / Wiltshire Green,RM-00005,"1,236.20",,Sales,"1,236.20",,,Wiltshire Green,,,,64.00,180.00,,,,,Block Print,Raw Material,Cost of Goods Sold,,₹670.00,150 GSM,₹670.00,Goods,,Mtr,,
"3955559000000064188",Linen Fabric / Chambray / Olive,RM-00010,706.09,,Sales,706.09,,,Olive,,,,124.00,180.00,,,,,Chambray,Raw Material,Cost of Goods Sold,,₹710.00,200 GSM,₹710.00,Goods,,Mtr,,
"3955559000000064107",Linen Fabric / Solid / Cinnamon Brown,RM-00001,"1,045.10",,Sales,"1,045.10",,,Cinnamon Brown,,,,124.00,180.00,,,,,Solid,Raw Material,Cost of Goods Sold,,₹650.00,150 GSM,₹650.00,Goods,,Mtr,,
"3955559000000064116",Linen Fabric / Solid / Dusty Gold,RM-00002,161.28,,Sales,161.28,,,Dusty Gold,,,,64.00,180.00,,,,,Solid,Raw Material,Cost of Goods Sold,,₹700.00,200 GSM,₹700.00,Goods,,Mtr,,
"3955559000000064134",Linen Fabric / Solid / Sylph Green,RM-00004,"1,770.50",,Sales,"1,770.50",,,Sylph Green,,,,124.00,180.00,,,,,Solid,Raw Material,Cost of Goods Sold,,₹850.00,350 GSM,₹850.00,Goods,,Mtr,,
"3955559000000064125",Linen Fabric / Solid / Vanilla Sky,RM-00003,"1,600.00",,Sales,"1,600.00",,,Vanilla Sky,,,,64.00,180.00,,,,,Solid,Raw Material,Cost of Goods Sold,,₹780.00,300 GSM,₹780.00,Goods,,Mtr,,
"3955559000000064197",Linen Fabric / Yarn Dyed / Sylph Green,RM-00011,645.10,,Sales,645.10,,,Sylph Green,,,,90.00,180.00,,,,,Yarn Dyed,Raw Material,Cost of Goods Sold,,₹790.00,300 GSM,₹790.00,Goods,,Mtr,,
"3955559000000198883",Linen Fern Napkin Set,SKU-00001,20.00,,Sales,20.00,,,Cinnamon Brown,,,,,,,,,,,Finished Goods,Cost of Goods Sold,,₹420.00,,₹799.00,Goods,,Pcs,,
"3955559000000198811",Linen Hamlet Throw,SKU-00003,0.00,,Sales,0.00,,,Olive,,,,,,,,,,,Finished Goods,Cost of Goods Sold,,"₹1,850.00",,"₹3,499.00",Goods,,Pcs,,
"3955559000000198856",Linen Heritage Quilt,SKU-00008,0.00,,Sales,0.00,,,Yellow,,,,,,,,,,,Finished Goods,Cost of Goods Sold,,"₹4,500.00",,"₹7,999.00",Goods,,Pcs,,
"3955559000000198802",Linen Liana Basket,SKU-00002,5.00,,Sales,5.00,,,,,,,,,,,,,,Finished Goods,Cost of Goods Sold,,₹820.00,,"₹1,499.00",Goods,,Pcs,,
"3955559000000198829",Linen Maize Duvet Cover,SKU-00005,0.00,,Sales,0.00,,,Dusty Gold,,,,,,,,,,,Finished Goods,Cost of Goods Sold,,"₹3,600.00",,"₹6,499.00",Goods,,Pcs,,
"3955559000000198874",Linen Ruffle Medley Tablecloth,SKU-00010,0.00,,Sales,0.00,,,Vanilla Sky,,,,,,,,,,,Finished Goods,Cost of Goods Sold,,"₹1,450.00",,"₹2,799.00",Goods,,Pcs,,
"3955559000000198847",Linen Sylph Bag,SKU-00007,0.00,,Sales,0.00,,,Green,,,,,,,,,,,Finished Goods,Cost of Goods Sold,,₹620.00,,"₹1,199.00",Goods,,Pcs,,
"3955559000000198865",Linen Sylph Cross Back Apron,SKU-00009,10.00,,Sales,10.00,,,Green,,,,,,,,,,,Finished Goods,Cost of Goods Sold,,₹700.00,,"₹1,299.00",Goods,,Pcs,,
"3955559000000198820",Linen Sylph Throw,SKU-00004,0.00,,Sales,0.00,,,Green,,,,,,,,,,,Finished Goods,Cost of Goods Sold,,"₹1,950.00",,"₹3,699.00",Goods,,Pcs,,
"3955559000000064252",Overlock Thread / Green,RM-00017,316.00,,Sales,316.00,,,Green,,,,,,,,,,,Raw Material,Cost of Goods Sold,,₹160.00,60 Lea,₹160.00,Goods,,Cone,,
"3955559000000064207",Stitching Thread / Cinnamon Brown,RM-00012,830.00,,Sales,830.00,,,Cinnamon Brown,,,,,,,,,,,Raw Material,Cost of Goods Sold,,₹180.00,40 Lea,₹180.00,Goods,,Cone,,
"3955559000000064216",Stitching Thread / Dusty Gold,RM-00013,"2,152.00",,Sales,"2,152.00",,,Dusty Gold,,,,,,,,,,,Raw Material,Cost of Goods Sold,,₹180.00,40 Lea,₹180.00,Goods,,Cone,,
"3955559000000064225",Stitching Thread / Green,RM-00014,"1,988.00",,Sales,"1,988.00",,,Green,,,,,,,,,,,Raw Material,Cost of Goods Sold,,₹180.00,40 Lea,₹180.00,Goods,,Cone,,
"3955559000000064234",Stitching Thread / Olive,RM-00015,"1,590.00",,Sales,"1,590.00",,,Olive,,,,,,,,,,,Raw Material,Cost of Goods Sold,,₹180.00,40 Lea,₹180.00,Goods,,Cone,,
"3955559000000064262",Wash Care Label 4x5 cm / White,RM-00018,"1,540.00",,Sales,"1,540.00",,,White,,,,,,,,,,,Raw Material,Cost of Goods Sold,,₹2.00,Good,₹2.00,Goods,,Pcs,,
"3955559000000064271",Wash Care Label 5x4 cm / White,RM-00019,"1,988.00",,Sales,"1,988.00",,,White,,,,,,,,,,,Raw Material,Cost of Goods Sold,,₹2.00,Good,₹2.00,Goods,,Pcs,,
"3955559000000064280",Wash Care Label 7x5 cm / White,RM-00020,"4,562.00",,Sales,"4,562.00",,,White,,,,,,,,,,,Raw Material,Cost of Goods Sold,,₹3.00,Good,₹3.00,Goods,,Pcs,,
